dataset,n,cols,k,clusters,mpi_procs,sigma,t_load,t_degree,t_laplacian,t_eigen,t_kmeans,t_total,quality
data/matrix_100x100.txt,100,-1,3,3,1,-1.0000,0.002889,0.000024,0.000061,0.004663,0.000100,0.007738,1.410840
data/matrix_110x141.txt,110,141,3,3,1,4824.4776,0.014512,0.000028,0.000069,0.005285,0.000116,0.020012,0.998631
data/matrix_123x162.txt,123,162,3,3,1,5204.3886,0.022133,0.000030,0.000046,0.006901,0.000112,0.029225,1.000208
data/matrix_123x445.txt,123,445,3,3,1,8631.5788,0.037867,0.000036,0.000047,0.007075,0.000133,0.045162,1.000659
data/matrix_156x91.txt,156,91,3,3,1,3875.6203,0.022471,0.000044,0.000131,0.013536,0.000154,0.036339,0.995171
data/matrix_159x278.txt,159,278,3,3,1,6802.0947,0.040116,0.000045,0.000082,0.014227,0.000155,0.054630,1.001911
data/matrix_179x255.txt,179,255,3,3,1,6522.9394,0.049770,0.000054,0.000113,0.019172,0.000163,0.069277,1.001444
data/matrix_196x494.txt,196,494,3,3,1,9081.8312,0.080078,0.000075,0.000130,0.024845,0.000176,0.105309,0.999685
data/matrix_200x411.txt,200,411,3,3,1,8273.8263,0.073055,0.000080,0.000150,0.025240,0.000180,0.098709,0.999269
data/matrix_201x636.txt,201,636,3,3,1,10305.5938,0.099260,0.000086,0.000148,0.026291,0.000176,0.125965,1.001160
data/matrix_205x78.txt,205,78,3,3,1,3590.4118,0.034452,0.000064,0.000287,0.028339,0.000173,0.063318,0.979872
data/matrix_208x53.txt,208,53,3,3,1,2972.5467,0.031220,0.000072,0.000305,0.029656,0.000191,0.061446,0.995098
data/matrix_227x624.txt,227,624,3,3,1,10192.9607,0.112629,0.000110,0.000215,0.036423,0.000201,0.149584,1.000122
data/matrix_232x81.txt,232,81,3,3,1,3670.9390,0.037956,0.000092,0.000339,0.039090,0.000216,0.077696,0.998751
data/matrix_249x263.txt,249,263,3,3,1,6608.6249,0.067034,0.000130,0.000264,0.048455,0.000218,0.116107,1.005955
data/matrix_257x286.txt,257,286,3,3,1,6897.2737,0.072785,0.000138,0.000307,0.050151,0.000215,0.123600,1.002601
data/matrix_272x371.txt,272,371,3,3,1,7882.7842,0.093180,0.000140,0.000351,0.062022,0.000234,0.155932,1.003522
data/matrix_273x395.txt,273,395,3,3,1,8104.4700,0.100063,0.000134,0.000298,0.058659,0.000228,0.159388,0.998725
data/matrix_274x436.txt,274,436,3,3,1,8529.7179,0.105493,0.000147,0.000300,0.060430,0.000239,0.166615,1.008783
data/matrix_290x482.txt,290,482,3,3,1,8958.6086,0.123322,0.000165,0.000366,0.070304,0.000269,0.194431,1.003733
data/matrix_294x126.txt,294,126,3,3,1,4581.6758,0.051759,0.000146,0.000543,0.072765,0.000257,0.125476,0.998967
data/matrix_352x247.txt,352,247,3,3,1,6394.8603,0.093433,0.000232,0.000755,0.118895,0.000306,0.213625,1.006424
data/matrix_357x711.txt,357,711,3,3,1,10874.6229,0.224083,0.000200,0.000496,0.128609,0.000295,0.353687,0.996661
data/matrix_371x226.txt,371,226,3,3,1,6136.0122,0.092829,0.000172,0.000613,0.146529,0.000338,0.240483,1.000373
data/matrix_416x873.txt,416,873,3,3,1,12076.9389,0.339012,0.000302,0.000868,0.190676,0.000345,0.531208,1.000548
data/matrix_424x486.txt,424,486,3,3,1,8991.3646,0.206256,0.000339,0.000891,0.201568,0.000409,0.409468,0.997329
data/matrix_435x821.txt,435,821,3,3,1,11689.6292,0.342878,0.000326,0.000893,0.229278,0.000452,0.573831,1.002412
data/matrix_437x474.txt,437,474,3,3,1,8889.5782,0.212488,0.000319,0.000889,0.220896,0.000360,0.434958,1.005155
data/matrix_447x648.txt,447,648,3,3,1,10389.1282,0.288297,0.000348,0.000987,0.236835,0.000368,0.526841,1.000886
data/matrix_497x203.txt,497,203,3,3,1,5818.3137,0.128410,0.000441,0.001733,0.318702,0.000432,0.449724,1.006567
data/matrix_50x25.txt,50,25,3,3,1,2008.0940,0.001888,0.000018,0.000022,0.000953,0.000055,0.002938,1.013308
data/matrix_6x100.txt,6,100,3,3,1,4206.8968,0.000374,0.000011,0.000001,0.000124,0.000017,0.000528,1.004279
data/matrix_765x773.txt,765,773,3,3,1,11344.5284,0.838629,0.001003,0.003266,1.114155,0.000634,1.957693,1.003179
data/matrix_810x680.txt,810,680,3,3,1,10627.4697,0.802318,0.001088,0.004493,1.294964,0.000674,2.103543,1.002189
data/matrix_82x265.txt,82,265,3,3,1,6625.3773,0.018804,0.000026,0.000024,0.002848,0.000092,0.021795,1.001020
data/matrix_852x739.txt,852,739,3,3,1,11097.3654,0.948074,0.001227,0.006477,1.504916,0.000698,2.461399,0.998236
data/matrix_929x622.txt,929,622,3,3,1,10172.9898,0.938792,0.001444,0.006565,1.959780,0.000733,2.907322,0.998721
data/matrix_929x701.txt,929,701,3,3,1,10807.3284,1.052488,0.001445,0.006443,1.957045,0.000751,3.018179,0.999433
data/matrix_95x73.txt,95,73,3,3,1,3443.1123,0.021155,0.000026,0.000056,0.003882,0.000088,0.025208,0.998809
data/test10.txt,6,-1,3,3,1,-1.0000,0.000241,0.000011,0.000001,0.000147,0.000016,0.000416,1.138358
data/test10_wam.txt,9,-1,3,3,1,-1.0000,0.000201,0.000012,0.000001,0.000158,0.000018,0.000391,0.306315
data/test11.txt,12,-1,3,3,1,-1.0000,0.000224,0.000011,0.000001,0.000163,0.000021,0.000422,0.312171
data/test12.txt,12,-1,3,3,1,-1.0000,0.000169,0.000010,0.000001,0.000152,0.000021,0.000354,1.239289
data/test13.txt,12,-1,3,3,1,-1.0000,0.000262,0.000009,0.000001,0.000141,0.000021,0.000433,1.187682
data/test14.txt,12,-1,3,3,1,-1.0000,0.000231,0.000009,0.000001,0.000151,0.000021,0.000415,5.951151
data/test16.txt,6,-1,3,3,1,-1.0000,0.000197,0.000010,0.000000,0.000110,0.000016,0.000335,0.093011
data/test1.txt,10,5,3,3,1,3.8247,0.000283,0.000010,0.000001,0.000134,0.000019,0.000448,1.124681
data/test1_wam.txt,10,-1,3,3,1,-1.0000,0.000225,0.000010,0.000001,0.000131,0.000019,0.000387,1.778524
data/test22.txt,5,-1,3,3,1,-1.0000,0.000311,0.000011,0.000000,0.000139,0.000015,0.000478,2.848799
data/test23.txt,10,-1,3,3,1,-1.0000,0.000240,0.000011,0.000001,0.000149,0.000019,0.000422,0.570852
data/test25.txt,10,-1,3,3,1,-1.0000,0.000226,0.000009,0.000001,0.000127,0.000019,0.000383,0.432978
data/test26.txt,8,-1,3,3,1,-1.0000,0.000211,0.000009,0.000000,0.000123,0.000017,0.000363,0.564015
data/test27.txt,3,-1,3,3,1,-1.0000,0.000217,0.000008,0.000000,0.000128,0.000014,0.000369,-0.000000
data/test28.txt,12,-1,3,3,1,-1.0000,0.000217,0.000010,0.000001,0.000145,0.000021,0.000395,-0.918093
data/test29.txt,4,-1,3,3,1,-1.0000,0.000200,0.000009,0.000000,0.000118,0.000015,0.000343,1.714588
data/test2.txt,43,4,3,3,1,3.9149,0.000922,0.000011,0.000011,0.000696,0.000047,0.001689,0.934937
data/test2_wam.txt,43,-1,3,3,1,-1.0000,0.000633,0.000011,0.000008,0.000642,0.000045,0.001340,2.263992
data/test30.txt,12,-1,3,3,1,-1.0000,0.000168,0.000010,0.000001,0.000150,0.000021,0.000352,0.312171
data/test31.txt,3,-1,3,3,1,-1.0000,0.000191,0.000009,0.000000,0.000104,0.000013,0.000319,0.000000
data/test3.txt,15,6,3,3,1,4.4316,0.000258,0.000009,0.000004,0.000153,0.000023,0.000448,1.028892
data/test3_wam.txt,15,-1,3,3,1,-1.0000,0.000232,0.000009,0.000003,0.000153,0.000023,0.000421,3.679091
data/test4.txt,14,4,3,3,1,4.0100,0.000349,0.000009,0.000001,0.000138,0.000022,0.000521,1.043919
data/test4_wam.txt,14,-1,3,3,1,-1.0000,0.000301,0.000008,0.000001,0.000144,0.000022,0.000477,0.820454
data/test5.txt,23,3,3,3,1,2.9702,0.000310,0.000009,0.000002,0.000218,0.000030,0.000569,1.075396
data/test5_wam.txt,23,-1,3,3,1,-1.0000,0.000295,0.000008,0.000003,0.000225,0.000030,0.000562,0.719600
data/test6.txt,37,3,3,3,1,3.3110,0.000615,0.000011,0.000008,0.000509,0.000042,0.001187,0.977056
data/test6_wam.txt,37,-1,3,3,1,-1.0000,0.000505,0.000011,0.000005,0.000524,0.000044,0.001090,0.973150
data/test7.txt,40,4,3,3,1,3.9786,0.000773,0.000011,0.000016,0.000591,0.000045,0.001438,0.985856
data/test7_wam.txt,40,-1,3,3,1,-1.0000,0.000532,0.000012,0.000008,0.000585,0.000046,0.001184,1.459449
data/test8_j.txt,6,-1,3,3,1,-1.0000,0.000115,0.000009,0.000000,0.000129,0.000016,0.000273,-2.361057
data/test8.txt,30,6,3,3,1,4.6636,0.000554,0.000013,0.000006,0.000394,0.000037,0.001006,1.056905
data/test8_wam.txt,30,-1,3,3,1,-1.0000,0.000360,0.000011,0.000005,0.000332,0.000037,0.000746,0.729260
data/test9.txt,22,4,3,3,1,3.8130,0.000360,0.000010,0.000002,0.000231,0.000030,0.000632,0.912684
data/test9_wam.txt,22,-1,3,3,1,-1.0000,0.000300,0.000011,0.000003,0.000222,0.000031,0.000568,0.900844
data/matrix_100x100.txt,100,-1,3,3,2,-1.0000,0.002962,0.000082,0.000396,0.004644,0.004473,0.013387,3.211356
data/matrix_110x141.txt,110,141,3,3,2,4824.4776,0.015102,0.000063,0.000395,0.005483,0.004981,0.026940,1.002626
data/matrix_123x162.txt,123,162,3,3,2,5204.3886,0.022701,0.000094,0.000615,0.007058,0.004883,0.036222,0.998192
data/matrix_123x445.txt,123,445,3,3,2,8631.5788,0.038767,0.000081,0.000643,0.007212,0.004401,0.051906,1.000411
data/matrix_156x91.txt,156,91,3,3,2,3875.6203,0.022974,0.000067,0.001090,0.013933,0.005029,0.044642,0.998332
data/matrix_159x278.txt,159,278,3,3,2,6802.0947,0.040925,0.000063,0.001343,0.014719,0.005078,0.063669,0.998701
data/matrix_179x255.txt,179,255,3,3,2,6522.9394,0.052161,0.000081,0.001284,0.020687,0.004931,0.080882,1.000175
data/matrix_196x494.txt,196,494,3,3,2,9081.8312,0.081041,0.000090,0.001585,0.025001,0.006104,0.115718,1.000304
data/matrix_200x411.txt,200,411,3,3,2,8273.8263,0.074531,0.000095,0.001732,0.025660,0.004013,0.107945,0.999555
data/matrix_201x636.txt,201,636,3,3,2,10305.5938,0.096668,0.000092,0.001588,0.026120,0.005125,0.131431,1.000183
data/matrix_205x78.txt,205,78,3,3,2,3590.4118,0.036141,0.000092,0.001785,0.028165,0.005219,0.073312,1.000718
data/matrix_208x53.txt,208,53,3,3,2,2972.5467,0.031499,0.000089,0.001809,0.029130,0.004975,0.069433,1.000690
data/matrix_227x624.txt,227,624,3,3,2,10192.9607,0.111381,0.000104,0.001955,0.035444,0.004934,0.154899,0.999808
data/matrix_232x81.txt,232,81,3,3,2,3670.9390,0.038450,0.000096,0.002159,0.038804,0.005214,0.085986,0.998251
data/matrix_249x263.txt,249,263,3,3,2,6608.6249,0.067150,0.000126,0.002282,0.046686,0.006574,0.124195,1.000461
data/matrix_257x286.txt,257,286,3,3,2,6897.2737,0.073719,0.000160,0.002558,0.049560,0.003894,0.131524,0.999988
data/matrix_272x371.txt,272,371,3,3,2,7882.7842,0.093644,0.000157,0.002673,0.060122,0.009675,0.167465,1.000075
data/matrix_273x395.txt,273,395,3,3,2,8104.4700,0.099565,0.000174,0.002775,0.057902,0.009684,0.171284,0.999302
data/matrix_274x436.txt,274,436,3,3,2,8529.7179,0.107599,0.000171,0.002658,0.059973,0.005022,0.176505,1.000795
data/matrix_290x482.txt,290,482,3,3,2,8958.6086,0.124093,0.000174,0.002928,0.069661,0.009663,0.207961,0.999926
data/matrix_294x126.txt,294,126,3,3,2,4581.6758,0.086248,0.000167,0.003245,0.071340,0.009483,0.171957,0.998591
data/matrix_352x247.txt,352,247,3,3,2,6394.8603,0.096197,0.000233,0.004208,0.118573,0.009482,0.229688,0.999532
data/matrix_357x711.txt,357,711,3,3,2,10874.6229,0.236008,0.000255,0.004256,0.125420,0.004579,0.371613,0.999821
data/matrix_371x226.txt,371,226,3,3,2,6136.0122,0.096139,0.000268,0.004169,0.146206,0.009771,0.257507,1.000751
data/matrix_416x873.txt,416,873,3,3,2,12076.9389,0.340961,0.000308,0.005049,0.192401,0.009755,0.549237,0.999973
data/matrix_424x486.txt,424,486,3,3,2,8991.3646,0.223370,0.000253,0.005044,0.213443,0.009736,0.452813,1.000243
data/matrix_435x821.txt,435,821,3,3,2,11689.6292,0.349141,0.000365,0.006408,0.224828,0.008955,0.590505,0.999781
data/matrix_437x474.txt,437,474,3,3,2,8889.5782,0.214274,0.000285,0.006505,0.221137,0.005063,0.448005,1.000359
data/matrix_447x648.txt,447,648,3,3,2,10389.1282,0.291268,0.000358,0.006864,0.236510,0.009238,0.544987,1.000128
data/matrix_497x203.txt,497,203,3,3,2,5818.3137,0.134160,0.000379,0.006346,0.318328,0.009744,0.469839,1.000439
data/matrix_50x25.txt,50,25,3,3,2,2008.0940,0.001922,0.000051,0.000161,0.000961,0.004965,0.008444,1.006418
data/matrix_6x100.txt,6,100,3,3,2,4206.8968,0.000417,0.000084,0.000045,0.000181,0.002796,0.003729,1.024181
data/matrix_765x773.txt,765,773,3,3,2,11344.5284,0.824624,0.000676,0.011791,1.101511,0.004916,1.945021,1.000060
data/matrix_810x680.txt,810,680,3,3,2,10627.4697,0.802945,0.000859,0.013081,1.285350,0.004678,2.107872,0.999877
data/matrix_82x265.txt,82,265,3,3,2,6625.3773,0.018160,0.000042,0.000282,0.002731,0.004885,0.026653,1.001494
data/matrix_852x739.txt,852,739,3,3,2,11097.3654,0.957248,0.000917,0.015174,1.501017,0.004930,2.479980,1.000045
data/matrix_100x100.txt,100,-1,3,3,4,-1.0000,0.003266,0.000060,0.000638,0.006232,0.004868,0.015803,1.151384
data/matrix_110x141.txt,110,141,3,3,4,4824.4776,0.015468,0.000074,0.000778,0.005475,0.004276,0.026969,1.005518
data/matrix_123x162.txt,123,162,3,3,4,5204.3886,0.024619,0.000073,0.000965,0.007891,0.004590,0.039498,0.996937
data/matrix_123x445.txt,123,445,3,3,4,8631.5788,0.042200,0.000072,0.001630,0.008053,0.004456,0.059548,1.000659
data/matrix_156x91.txt,156,91,3,3,4,3875.6203,0.025690,0.000074,0.001302,0.014928,0.004135,0.048070,0.996961
data/matrix_159x278.txt,159,278,3,3,4,6802.0947,0.043976,0.000094,0.001234,0.016282,0.004048,0.068067,0.999002
data/matrix_929x622.txt,929,622,3,3,2,10172.9898,0.949072,0.001036,0.017138,1.947947,0.004417,2.920585,0.999966
data/matrix_179x255.txt,179,255,3,3,4,6522.9394,0.056016,0.000096,0.001461,0.021190,0.004068,0.085215,0.999153
data/matrix_196x494.txt,196,494,3,3,4,9081.8312,0.088104,0.000119,0.003039,0.027947,0.004164,0.126316,0.997476
data/matrix_200x411.txt,200,411,3,3,4,8273.8263,0.081542,0.000112,0.002180,0.028544,0.004315,0.119494,0.998905
data/matrix_201x636.txt,201,636,3,3,4,10305.5938,0.110759,0.000131,0.002276,0.028784,0.004063,0.149213,0.998439
data/matrix_205x78.txt,205,78,3,3,4,3590.4118,0.038066,0.000108,0.002235,0.030539,0.004159,0.078040,1.000892
data/matrix_208x53.txt,208,53,3,3,4,2972.5467,0.035583,0.000089,0.002271,0.031937,0.004221,0.079733,1.000901
data/matrix_227x624.txt,227,624,3,3,4,10192.9607,0.126284,0.000105,0.002396,0.039806,0.004352,0.175166,0.998169
data/matrix_232x81.txt,232,81,3,3,4,3670.9390,0.042988,0.000117,0.002753,0.042269,0.004332,0.094576,0.996928
data/matrix_929x701.txt,929,701,3,3,2,10807.3284,1.063567,0.001028,0.016339,1.958194,0.004416,3.044651,0.999974
data/matrix_249x263.txt,249,263,3,3,4,6608.6249,0.076350,0.000110,0.002972,0.052098,0.004568,0.138988,1.001846
data/matrix_95x73.txt,95,73,3,3,2,3443.1123,0.021424,0.000104,0.000345,0.003865,0.004379,0.030640,1.000734
data/matrix_257x286.txt,257,286,3,3,4,6897.2737,0.078322,0.000169,0.003236,0.052315,0.004497,0.141527,1.000313
data/test10.txt,6,-1,3,3,2,-1.0000,0.000235,0.000079,0.000046,0.000176,0.004977,0.005718,1.940555
data/test10_wam.txt,9,-1,3,3,2,-1.0000,0.000222,0.000083,0.000046,0.000172,0.004973,0.005684,0.091156
data/matrix_272x371.txt,272,371,3,3,4,7882.7842,0.104292,0.000165,0.005720,0.066175,0.005360,0.184513,1.001168
data/test11.txt,12,-1,3,3,2,-1.0000,0.000258,0.000082,0.000056,0.000199,0.005094,0.005891,-1.224724
data/test12.txt,12,-1,3,3,2,-1.0000,0.000168,0.000097,0.000111,0.000192,0.004977,0.005850,0.945134
data/test13.txt,12,-1,3,3,2,-1.0000,0.000278,0.000083,0.000055,0.000193,0.004975,0.005774,-26.980370
data/matrix_273x395.txt,273,395,3,3,4,8104.4700,0.110704,0.000194,0.003866,0.064936,0.005131,0.188218,0.998188
data/test14.txt,12,-1,3,3,2,-1.0000,0.000251,0.000069,0.000062,0.000211,0.003706,0.004478,14.079072
data/matrix_274x436.txt,274,436,3,3,4,8529.7179,0.125665,0.000169,0.003779,0.064972,0.005240,0.202987,1.001418
data/test16.txt,6,-1,3,3,2,-1.0000,0.000262,0.000084,0.000044,0.000192,0.004973,0.005755,-0.871211
data/matrix_290x482.txt,290,482,3,3,4,8958.6086,0.137320,0.000160,0.004866,0.076458,0.004486,0.226491,1.000421
data/test1.txt,10,5,3,3,2,3.8247,0.000276,0.000074,0.000086,0.000192,0.004995,0.005798,1.008627
data/matrix_294x126.txt,294,126,3,3,4,4581.6758,0.058912,0.000177,0.004846,0.077852,0.004521,0.149575,0.997329
data/test1_wam.txt,10,-1,3,3,2,-1.0000,0.000229,0.000091,0.000048,0.000204,0.004997,0.005769,1.211637
data/matrix_352x247.txt,352,247,3,3,4,6394.8603,0.105676,0.000196,0.005438,0.127561,0.004540,0.246416,1.000966
data/test22.txt,5,-1,3,3,2,-1.0000,0.012839,0.000045,0.000061,0.000211,0.004974,0.018413,3.111554
data/matrix_357x711.txt,357,711,3,3,4,10874.6229,0.245426,0.000197,0.006785,0.136979,0.004618,0.395755,0.999222
data/test23.txt,10,-1,3,3,2,-1.0000,0.025328,0.000079,0.000047,0.000222,0.004978,0.030871,3.871400
98,1.002741
data/test25.txt,10,-1,3,3,2,-1.0000,0.000746,0.000085,0.000078,0.000192,0.004977,0.006256,1.352620
data/test26.txt,8,-1,3,3,2,-1.0000,0.000247,0.000083,0.000046,0.000185,0.004914,0.005686,-5.717618
data/test27.txt,3,-1,3,3,2,-1.0000,0.000191,0.000079,0.000050,0.000178,0.003979,0.004668,-0.000000
data/matrix_416x873.txt,416,873,3,3,4,12076.9389,0.379148,0.000200,0.006236,0.211353,0.003843,0.602406,1.000387
data/test28.txt,12,-1,3,3,2,-1.0000,0.000261,0.000088,0.000059,0.000208,0.004997,0.005811,-0.918093
data/test29.txt,4,-1,3,3,2,-1.0000,0.000229,0.000084,0.000045,0.000189,0.004470,0.005221,1.714588
data/test2.txt,43,4,3,3,2,3.9149,0.000992,0.000035,0.000144,0.000755,0.004985,0.007212,1.099986
data/matrix_424x486.txt,424,486,3,3,4,8991.3646,0.228330,0.000218,0.006987,0.217813,0.004197,0.459184,1.000441
data/test2_wam.txt,43,-1,3,3,2,-1.0000,0.000623,0.000065,0.000117,0.000685,0.004003,0.006183,2.263992
data/test30.txt,12,-1,3,3,2,-1.0000,0.000185,0.000095,0.000108,0.000202,0.004976,0.005874,-1.224724
data/test31.txt,3,-1,3,3,2,-1.0000,0.000248,0.000083,0.000042,0.000172,0.004960,0.005706,0.000000
data/matrix_435x821.txt,435,821,3,3,4,11689.6292,0.362966,0.000237,0.009411,0.234985,0.004348,0.614339,0.999752
data/test3.txt,15,6,3,3,2,4.4316,0.000282,0.000073,0.000036,0.000222,0.004971,0.005869,1.043680
data/test3_wam.txt,15,-1,3,3,2,-1.0000,0.000356,0.000073,0.000082,0.000223,0.004975,0.005925,1.931190
data/test4.txt,14,4,3,3,2,4.0100,0.000262,0.000067,0.000036,0.000221,0.004972,0.005860,0.878065
data/matrix_437x474.txt,437,474,3,3,4,8889.5782,0.230837,0.000218,0.008598,0.241264,0.004577,0.486691,1.000561
data/test4_wam.txt,14,-1,3,3,2,-1.0000,0.000255,0.000074,0.000085,0.000217,0.003959,0.004784,0.818368
data/test5.txt,23,3,3,3,2,2.9702,0.000326,0.000077,0.000107,0.000311,0.004381,0.005463,1.012786
data/test5_wam.txt,23,-1,3,3,2,-1.0000,0.000261,0.000074,0.000137,0.000317,0.004967,0.005994,0.749385
data/test6.txt,37,3,3,3,2,3.3110,0.000726,0.000036,0.000133,0.000591,0.004973,0.006764,1.008881
data/matrix_447x648.txt,447,648,3,3,4,10389.1282,0.322951,0.000225,0.007681,0.262265,0.003755,0.598322,0.999674
data/test6_wam.txt,37,-1,3,3,2,-1.0000,0.000581,0.000075,0.000143,0.000602,0.004578,0.006225,1.115136
data/test7.txt,40,4,3,3,2,3.9786,0.000843,0.000078,0.000137,0.000663,0.005000,0.007016,0.991793
data/test7_wam.txt,40,-1,3,3,2,-1.0000,0.000568,0.000075,0.000140,0.000632,0.004973,0.006652,1.472089
data/test8_j.txt,6,-1,3,3,2,-1.0000,0.000159,0.000093,0.000100,0.000181,0.005024,0.005864,-1.478541
data/test8.txt,30,6,3,3,2,4.6636,0.000614,0.000045,0.000144,0.000395,0.004049,0.005461,0.961287
data/matrix_497x203.txt,497,203,3,3,4,5818.3137,0.143484,0.000316,0.011137,0.346269,0.004162,0.507648,1.001149
data/test8_wam.txt,30,-1,3,3,2,-1.0000,0.000814,0.000073,0.000130,0.000370,0.004969,0.006597,0.481039
data/matrix_50x25.txt,50,25,3,3,4,2008.0940,0.002101,0.000054,0.000194,0.001024,0.004025,0.007710,1.022961
data/matrix_100x100.txt,100,-1,3,3,8,-1.0000,0.004131,0.000536,0.000578,0.006736,0.014323,0.026613,27.257370
data/test9.txt,22,4,3,3,2,3.8130,0.000324,0.000068,0.000131,0.000284,0.004970,0.006046,0.912283
data/matrix_6x100.txt,6,100,3,3,4,4206.8968,0.000474,0.000082,0.001946,0.000195,0.004815,0.007703,1.024181
data/test9_wam.txt,22,-1,3,3,2,-1.0000,0.000312,0.000070,0.000130,0.000286,0.004898,0.005922,0.571366
data/matrix_110x141.txt,110,141,3,3,8,4824.4776,0.050020,0.006647,0.000609,0.014395,0.018260,0.107417,1.002546
data/matrix_123x162.txt,123,162,3,3,8,5204.3886,0.046967,0.006898,0.030693,0.015918,0.003736,0.134943,0.996425
data/matrix_123x445.txt,123,445,3,3,8,8631.5788,0.101614,0.011666,0.039287,0.007040,0.038594,0.221693,1.001412
data/matrix_156x91.txt,156,91,3,3,8,3875.6203,0.055165,0.002221,0.001300,0.032610,0.003416,0.103252,0.991954
data/matrix_159x278.txt,159,278,3,3,8,6802.0947,0.084180,0.009203,0.040940,0.031732,0.143443,0.356326,1.000440
data/matrix_179x255.txt,179,255,3,3,8,6522.9394,0.105489,0.000139,0.001815,0.036623,0.052385,0.208949,0.999774
data/matrix_765x773.txt,765,773,3,3,4,11344.5284,0.913067,0.000419,0.021017,1.226334,0.004123,2.168618,1.000095
data/matrix_196x494.txt,196,494,3,3,8,9081.8312,0.180919,0.016744,0.012551,0.050418,0.021716,0.304507,0.996520
data/matrix_200x411.txt,200,411,3,3,8,8273.8263,0.161434,0.000085,0.039324,0.052762,0.823298,1.119566,0.995388
data/matrix_201x636.txt,201,636,3,3,8,10305.5938,0.259910,0.000105,0.033559,0.026772,0.004161,0.331868,0.999140
data/matrix_810x680.txt,810,680,3,3,4,10627.4697,0.890038,0.000439,0.021724,1.432416,0.004459,2.352510,0.999957
data/matrix_205x78.txt,205,78,3,3,8,3590.4118,0.092067,0.000078,0.028200,0.032601,0.010170,0.176168,0.993061
data/matrix_82x265.txt,82,265,3,3,4,6625.3773,0.020523,0.000065,0.000381,0.003079,0.004090,0.028728,0.998097
data/matrix_208x53.txt,208,53,3,3,8,2972.5467,0.097391,0.013136,0.032395,0.054573,0.031902,0.272125,0.998082
data/matrix_227x624.txt,227,624,3,3,8,10192.9607,0.239357,0.000140,0.003272,0.069078,0.042606,0.363986,0.996591
data/matrix_232x81.txt,232,81,3,3,8,3670.9390,0.072735,0.004725,0.016339,0.076699,0.468058,0.656282,0.998271
data/matrix_249x263.txt,249,263,3,3,8,6608.6249,0.150887,0.000101,0.033018,0.098556,0.137192,0.425998,1.000318
data/matrix_852x739.txt,852,739,3,3,4,11097.3654,1.030986,0.000482,0.028387,1.620104,0.004805,2.687437,1.000437
data/matrix_257x286.txt,257,286,3,3,8,6897.2737,0.184590,0.008407,0.029369,0.105482,0.099455,0.462708,0.998194
data/matrix_272x371.txt,272,371,3,3,8,7882.7842,0.201658,0.025163,0.062558,0.121689,0.085590,0.544022,1.001420
data/matrix_273x395.txt,273,395,3,3,8,8104.4700,0.175637,0.000132,0.010852,0.058702,0.003932,0.262463,1.000080
data/matrix_274x436.txt,274,436,3,3,8,8529.7179,0.248472,0.012708,0.046649,0.120483,0.102594,0.555215,1.001514
data/matrix_290x482.txt,290,482,3,3,8,8958.6086,0.278399,0.007575,0.046142,0.142130,0.136246,0.642251,1.001754
data/matrix_294x126.txt,294,126,3,3,8,4581.6758,0.125725,0.001441,0.015492,0.153904,0.003564,0.305163,0.997288
data/matrix_352x247.txt,352,247,3,3,8,6394.8603,0.210612,0.006491,0.033918,0.251199,0.182940,0.715451,1.002854
data/matrix_929x622.txt,929,622,3,3,4,10172.9898,0.993555,0.000568,0.031678,2.038621,0.004226,3.071475,0.999647
data/matrix_100x100.txt,100,-1,3,3,16,-1.0000,0.004484,0.000096,0.000773,0.005076,0.004980,0.015750,0.526288
data/matrix_357x711.txt,357,711,3,3,8,10874.6229,0.515524,0.026186,0.058872,0.248057,0.056135,0.983514,0.999631
data/matrix_110x141.txt,110,141,3,3,16,4824.4776,0.017173,0.000144,0.000946,0.006142,0.004973,0.029764,1.000021
data/matrix_123x162.txt,123,162,3,3,16,5204.3886,0.025757,0.000122,0.001107,0.007428,0.004924,0.039637,0.997411
data/matrix_123x445.txt,123,445,3,3,16,8631.5788,0.043802,0.000127,0.001100,0.007537,0.004931,0.057915,1.000937
data/matrix_156x91.txt,156,91,3,3,16,3875.6203,0.026170,0.000162,0.001306,0.014699,0.004884,0.047822,0.993702
data/matrix_371x226.txt,371,226,3,3,8,6136.0122,0.235779,0.010858,0.046170,0.296575,0.082476,0.694228,1.003961
data/matrix_159x278.txt,159,278,3,3,16,6802.0947,0.045863,0.000145,0.001798,0.015523,0.005028,0.069038,0.997441
data/matrix_179x255.txt,179,255,3,3,16,6522.9394,0.059071,0.000112,0.001971,0.022524,0.004927,0.089604,0.997113
data/matrix_196x494.txt,196,494,3,3,16,9081.8312,0.088401,0.000176,0.002666,0.026201,0.005355,0.123767,0.995465
data/matrix_200x411.txt,200,411,3,3,16,8273.8263,0.084636,0.000118,0.002796,0.028330,0.004923,0.121752,0.996623
data/matrix_929x701.txt,929,701,3,3,4,10807.3284,1.138653,0.000563,0.034810,2.090074,0.003853,3.272508,1.000628
data/matrix_201x636.txt,201,636,3,3,16,10305.5938,0.110708,0.000159,0.002546,0.028980,0.004225,0.147693,1.001516
data/matrix_95x73.txt,95,73,3,3,4,3443.1123,0.022667,0.000067,0.000540,0.004051,0.004676,0.032592,1.000902
data/test10.txt,6,-1,3,3,4,-1.0000,0.001136,0.000049,0.000055,0.000143,0.004790,0.006430,1.940555
data/matrix_205x78.txt,205,78,3,3,16,3590.4118,0.042081,0.000155,0.002865,0.039067,0.008966,0.093979,0.993916
data/matrix_208x53.txt,208,53,3,3,16,2972.5467,0.038440,0.000126,0.002811,0.032772,0.004639,0.079746,0.995940
data/test10_wam.txt,9,-1,3,3,4,-1.0000,0.000530,0.011111,0.000102,0.000193,0.004061,0.041570,0.402797
data/matrix_416x873.txt,416,873,3,3,8,12076.9389,0.753490,0.018248,0.053012,0.392530,0.051254,1.306215,1.000113
data/test11.txt,12,-1,3,3,4,-1.0000,0.000331,0.000059,0.000102,0.000190,0.004411,0.005296,5.398716
data/matrix_227x624.txt,227,624,3,3,16,10192.9607,0.124808,0.000118,0.003137,0.039965,0.004942,0.174031,0.993837
data/test12.txt,12,-1,3,3,4,-1.0000,0.000272,0.000057,0.000067,0.000197,0.004461,0.005260,-1.076589
data/matrix_232x81.txt,232,81,3,3,16,3670.9390,0.042003,0.000150,0.003128,0.041515,0.004276,0.091963,0.993720
data/test13.txt,12,-1,3,3,4,-1.0000,0.000250,0.000051,0.000064,0.000222,0.004002,0.004811,1.970618
data/matrix_424x486.txt,424,486,3,3,8,8991.3646,0.467058,0.000211,0.022912,0.244343,0.003625,0.748805,0.999214
data/matrix_249x263.txt,249,263,3,3,16,6608.6249,0.074693,0.000172,0.004073,0.050109,0.009433,0.139438,0.997102
data/test14.txt,12,-1,3,3,4,-1.0000,0.001053,0.001392,0.000035,0.000223,0.004355,0.010158,2.661406
data/matrix_257x286.txt,257,286,3,3,16,6897.2737,0.083690,0.000169,0.005054,0.053940,0.004910,0.148667,0.994222
data/test16.txt,6,-1,3,3,4,-1.0000,0.000264,0.000049,0.000050,0.000190,0.004063,0.004837,-0.871211
data/matrix_272x371.txt,272,371,3,3,16,7882.7842,0.107146,0.000192,0.005857,0.065530,0.005155,0.185663,1.002223
data/test1.txt,10,5,3,3,4,3.8247,0.000306,0.000067,0.000054,0.000209,0.004747,0.005583,0.898107
data/matrix_435x821.txt,435,821,3,3,8,11689.6292,0.406327,0.016370,0.034320,0.433722,0.046161,0.972161,0.998697
data/test1_wam.txt,10,-1,3,3,4,-1.0000,0.000296,0.000062,0.000052,0.000235,0.004498,0.005362,0.554488
data/matrix_273x395.txt,273,395,3,3,16,8104.4700,0.114369,0.000266,0.005552,0.064713,0.004960,0.190867,1.000634
data/test22.txt,5,-1,3,3,4,-1.0000,0.000649,0.000060,0.000053,0.000166,0.004594,0.005746,3.111554
data/matrix_274x436.txt,274,436,3,3,16,8529.7179,0.124462,0.000185,0.005654,0.067647,0.004943,0.203392,1.001805
data/test23.txt,10,-1,3,3,4,-1.0000,0.000376,0.000054,0.000054,0.000217,0.004097,0.005012,0.927861
data/matrix_437x474.txt,437,474,3,3,8,8889.5782,0.378357,0.016387,0.034361,0.232818,0.110270,0.803383,1.001805
data/matrix_290x482.txt,290,482,3,3,16,8958.6086,0.141265,0.000180,0.006218,0.075314,0.006972,0.232114,1.001912
data/test25.txt,10,-1,3,3,4,-1.0000,0.000266,0.000058,0.000095,0.000208,0.004340,0.005182,0.899554
data/test26.txt,8,-1,3,3,4,-1.0000,0.000326,0.002005,0.002004,0.000213,0.131298,0.143234,0.127754
data/matrix_294x126.txt,294,126,3,3,16,4581.6758,0.065969,0.000154,0.005964,0.081285,0.008955,0.163819,0.993416
data/test27.txt,3,-1,3,3,4,-1.0000,0.000512,0.000054,0.000046,0.000184,0.004067,0.005078,-0.000000
data/test28.txt,12,-1,3,3,4,-1.0000,0.000320,0.000071,0.000068,0.000194,0.004539,0.005441,-1.646955
data/matrix_352x247.txt,352,247,3,3,16,6394.8603,0.107582,0.000204,0.008373,0.125023,0.005059,0.247185,1.000518
data/matrix_447x648.txt,447,648,3,3,8,10389.1282,0.509671,0.017040,0.045336,0.246572,0.110839,0.967258,0.998913
data/test29.txt,4,-1,3,3,4,-1.0000,0.000314,0.000061,0.000054,0.000180,0.004102,0.004948,1.714588
data/test2.txt,43,4,3,3,4,3.9149,0.001036,0.000048,0.000180,0.000827,0.004034,0.006363,1.053349
data/matrix_357x711.txt,357,711,3,3,16,10874.6229,0.248182,0.000222,0.009980,0.133729,0.009612,0.402272,1.001396
data/test2_wam.txt,43,-1,3,3,4,-1.0000,0.000672,0.000058,0.000150,0.000766,0.003855,0.005953,2.263992
data/test30.txt,12,-1,3,3,4,-1.0000,0.000318,0.000046,0.000068,0.000234,0.004241,0.005117,5.398716
data/matrix_371x226.txt,371,226,3,3,16,6136.0122,0.112742,0.000211,0.008886,0.156679,0.005047,0.285106,1.003687
data/test31.txt,3,-1,3,3,4,-1.0000,0.000370,0.000055,0.000049,0.000178,0.004261,0.005126,0.000000
data/test3.txt,15,6,3,3,4,4.4316,0.001356,0.000070,0.000096,0.000234,0.004103,0.006063,1.115762
data/test3_wam.txt,15,-1,3,3,4,-1.0000,0.000449,0.000057,0.000093,0.000237,0.003713,0.004736,4.872064
data/test4.txt,14,4,3,3,4,4.0100,0.000404,0.000059,0.000091,0.000229,0.004016,0.005011,0.969284
data/matrix_497x203.txt,497,203,3,3,8,5818.3137,0.331533,0.019753,0.069325,0.476753,0.003526,0.987575,0.996374
data/test4_wam.txt,14,-1,3,3,4,-1.0000,0.000295,0.000052,0.000100,0.000238,0.004269,0.005156,1.587144
data/matrix_416x873.txt,416,873,3,3,16,12076.9389,0.388693,0.000248,0.010987,0.212968,0.009735,0.624011,0.998329
data/test5.txt,23,3,3,3,4,2.9702,0.000389,0.000051,0.000112,0.000328,0.003962,0.005105,1.040467
data/matrix_50x25.txt,50,25,3,3,8,2008.0940,0.015134,0.038983,0.055328,0.001010,0.018458,0.158510,1.038317
data/test5_wam.txt,23,-1,3,3,4,-1.0000,0.000494,0.000066,0.000128,0.000341,0.004013,0.005310,1.124955
data/matrix_6x100.txt,6,100,3,3,8,4206.8968,0.000744,0.000078,0.000047,0.000174,0.003450,0.004669,1.079099
data/test6.txt,37,3,3,3,4,3.3110,0.000809,0.000047,0.000153,0.000609,0.003807,0.005766,0.991310
data/matrix_424x486.txt,424,486,3,3,16,8991.3646,0.243708,0.000231,0.011359,0.223783,0.004985,0.485668,1.000852
data/test6_wam.txt,37,-1,3,3,4,-1.0000,0.001564,0.000070,0.000165,0.000603,0.004032,0.006712,0.984514
data/test7.txt,40,4,3,3,4,3.9786,0.001015,0.000060,0.000173,0.000746,0.004534,0.006843,1.025371
data/test7_wam.txt,40,-1,3,3,4,-1.0000,0.000651,0.000060,0.000175,0.000650,0.004038,0.005837,5.169849
data/test8_j.txt,6,-1,3,3,4,-1.0000,0.000282,0.000053,0.000052,0.000161,0.004691,0.005464,-1.478541
data/matrix_435x821.txt,435,821,3,3,16,11689.6292,0.386497,0.000210,0.012780,0.245651,0.006092,0.652984,0.997946
data/test8.txt,30,6,3,3,4,4.6636,0.000560,0.000058,0.000144,0.000399,0.004482,0.005917,0.995317
data/test8_wam.txt,30,-1,3,3,4,-1.0000,0.000360,0.000064,0.000173,0.000380,0.004093,0.005333,0.802709
data/matrix_437x474.txt,437,474,3,3,16,8889.5782,0.240714,0.000223,0.011813,0.237749,0.004991,0.497150,1.003269
data/test9.txt,22,4,3,3,4,3.8130,0.000286,0.000057,0.000134,0.000293,0.004009,0.005023,1.034625
data/test9_wam.txt,22,-1,3,3,4,-1.0000,0.000541,0.000064,0.000130,0.000292,0.004837,0.006125,1.228603
data/matrix_447x648.txt,447,648,3,3,16,10389.1282,0.330891,0.000225,0.012400,0.252738,0.004884,0.602861,0.996232
data/matrix_497x203.txt,497,203,3,3,16,5818.3137,0.151520,0.000265,0.016172,0.336516,0.005142,0.512004,0.996268
data/matrix_50x25.txt,50,25,3,3,16,2008.0940,0.002464,0.000099,0.000284,0.001026,0.005092,0.009256,1.028535
data/matrix_765x773.txt,765,773,3,3,8,11344.5284,1.775157,0.016828,0.044629,1.328678,0.018715,3.217234,0.999890
data/matrix_6x100.txt,6,100,3,3,16,4206.8968,0.000499,0.000064,0.000061,0.000172,0.006647,0.007697,1.079099
data/matrix_810x680.txt,810,680,3,3,8,10627.4697,0.867308,0.003044,0.062413,1.555941,0.005794,2.524276,0.999649
data/matrix_765x773.txt,765,773,3,3,16,11344.5284,0.927939,0.000338,0.036008,1.226963,0.005026,2.199993,0.999547
data/matrix_82x265.txt,82,265,3,3,8,6625.3773,0.037555,0.010461,0.000405,0.002962,0.059281,0.127242,0.998223
data/matrix_810x680.txt,810,680,3,3,16,10627.4697,0.893530,0.000336,0.040956,1.369763,0.005132,2.313795,0.997932
data/matrix_82x265.txt,82,265,3,3,16,6625.3773,0.021089,0.000108,0.000522,0.002944,0.004929,0.030007,0.992394
data/matrix_852x739.txt,852,739,3,3,8,11097.3654,1.037822,0.027547,1.079987,1.867890,0.003594,4.068068,1.001172
data/matrix_852x739.txt,852,739,3,3,16,11097.3654,1.055848,0.000407,0.045085,1.608869,0.005095,2.720444,1.002417
data/matrix_929x622.txt,929,622,3,3,16,10172.9898,1.036120,0.000453,0.060094,1.998376,0.004982,3.109844,0.999305
data/matrix_929x622.txt,929,622,3,3,8,10172.9898,1.946354,0.017549,0.227828,2.702632,0.003695,4.943568,0.999560
data/matrix_929x701.txt,929,701,3,3,16,10807.3284,1.199268,0.000421,0.057869,2.150542,0.006101,3.425151,1.001506
data/matrix_95x73.txt,95,73,3,3,16,3443.1123,0.024200,0.000112,0.000674,0.004107,0.004923,0.034346,1.004457
data/test10.txt,6,-1,3,3,16,-1.0000,0.000300,0.000072,0.000049,0.000188,0.003215,0.004050,2.318009
data/test10_wam.txt,9,-1,3,3,16,-1.0000,0.000441,0.000094,0.000042,0.000206,0.005759,0.006793,0.216363
data/test11.txt,12,-1,3,3,16,-1.0000,0.000395,0.000087,0.000112,0.000237,0.004767,0.005886,1.744754
data/test12.txt,12,-1,3,3,16,-1.0000,0.003306,0.000083,0.000047,0.000243,0.005267,0.009223,-0.975652
data/test13.txt,12,-1,3,3,16,-1.0000,0.000283,0.000079,0.000079,0.000229,0.005072,0.005986,0.368711
data/test14.txt,12,-1,3,3,16,-1.0000,0.000229,0.000084,0.000089,0.000222,0.006942,0.007809,0.199952
data/test16.txt,6,-1,3,3,16,-1.0000,0.000316,0.000073,0.000055,0.000196,0.005264,0.006106,-1.066005
data/matrix_929x701.txt,929,701,3,3,8,10807.3284,1.520238,0.015013,0.072949,2.435853,0.020109,4.081067,1.001024
data/test1.txt,10,5,3,3,16,3.8247,0.001148,0.000078,0.000065,0.000176,0.006450,0.008183,0.968869
data/test1_wam.txt,10,-1,3,3,16,-1.0000,0.000290,0.000086,0.000062,0.000210,0.005274,0.006185,1.459887
data/test22.txt,5,-1,3,3,16,-1.0000,0.000295,0.000085,0.000053,0.000197,0.004992,0.005871,2.848799
data/matrix_95x73.txt,95,73,3,3,8,3443.1123,0.066819,0.000082,0.000547,0.003821,0.181490,0.266605,1.003903
data/test23.txt,10,-1,3,3,16,-1.0000,0.000293,0.000086,0.000106,0.000220,0.007301,0.008316,1.542578
data/test10.txt,6,-1,3,3,8,-1.0000,0.000286,0.000083,0.000042,0.000181,0.003288,0.004036,2.318009
data/test25.txt,10,-1,3,3,16,-1.0000,0.000797,0.000085,0.000069,0.000224,0.006449,0.007875,1.066853
data/test10_wam.txt,9,-1,3,3,8,-1.0000,0.000361,0.000093,0.000051,0.000218,0.003037,0.003895,0.135638
data/test26.txt,8,-1,3,3,16,-1.0000,0.000266,0.000096,0.000102,0.000214,0.005116,0.006055,-5.717618
data/test11.txt,12,-1,3,3,8,-1.0000,0.000325,0.000083,0.000054,0.000222,0.002965,0.003778,-7.734346
data/test27.txt,3,-1,3,3,16,-1.0000,0.000255,0.000084,0.000058,0.000190,0.005670,0.006506,-0.000000
data/test12.txt,12,-1,3,3,8,-1.0000,0.000354,0.000060,0.000041,0.000215,0.002613,0.003412,1.114995
data/test28.txt,12,-1,3,3,16,-1.0000,0.000300,0.000083,0.000112,0.000227,0.006155,0.007190,-2.212129
data/test13.txt,12,-1,3,3,8,-1.0000,0.000341,0.000092,0.000057,0.000224,0.003302,0.004148,-0.231140
data/test14.txt,12,-1,3,3,8,-1.0000,0.000335,0.000092,0.000055,0.000218,0.003116,0.003951,2.228631
data/test29.txt,4,-1,3,3,16,-1.0000,0.000296,0.000082,0.000051,0.000193,0.004421,0.005309,12.092214
data/test2.txt,43,4,3,3,16,3.9149,0.001331,0.000103,0.000289,0.000860,0.006249,0.009023,1.067560
data/test16.txt,6,-1,3,3,8,-1.0000,0.000220,0.000108,0.000035,0.000172,0.003419,0.004124,-1.066005
data/test2_wam.txt,43,-1,3,3,16,-1.0000,0.001005,0.000080,0.000227,0.000751,0.004989,0.007300,1.640536
data/test30.txt,12,-1,3,3,16,-1.0000,0.001657,0.000084,0.000090,0.000228,0.005860,0.008151,1.744754
data/test31.txt,3,-1,3,3,16,-1.0000,0.000191,0.000093,0.000049,0.000185,0.006943,0.007723,0.000000
data/test1.txt,10,5,3,3,8,3.8247,0.000292,0.000079,0.000051,0.000199,0.002947,0.003730,0.928981
data/test3.txt,15,6,3,3,16,4.4316,0.000676,0.000071,0.000095,0.000237,0.005074,0.006402,1.081853
data/test3_wam.txt,15,-1,3,3,16,-1.0000,0.000346,0.000082,0.000125,0.000245,0.006550,0.007627,4.049324
data/test4.txt,14,4,3,3,16,4.0100,0.000484,0.000070,0.000109,0.000224,0.005563,0.006702,0.970153
data/test1_wam.txt,10,-1,3,3,8,-1.0000,0.008602,0.000129,0.000040,0.000244,0.382572,0.425081,0.123695
data/test4_wam.txt,14,-1,3,3,16,-1.0000,0.000376,0.000078,0.000087,0.000218,0.006549,0.007607,1.495785
data/test5.txt,23,3,3,3,16,2.9702,0.000417,0.000116,0.000174,0.000325,0.007233,0.008518,0.787800
data/test5_wam.txt,23,-1,3,3,16,-1.0000,0.000391,0.000077,0.000176,0.000363,0.006548,0.007852,0.515088
data/test22.txt,5,-1,3,3,8,-1.0000,0.000356,0.005887,0.000014,0.000211,0.017533,0.027520,1.920653
data/test6.txt,37,3,3,3,16,3.3110,0.000810,0.000086,0.000219,0.000627,0.004982,0.007169,0.976809
data/test23.txt,10,-1,3,3,8,-1.0000,0.000324,0.000055,0.000032,0.000191,0.002608,0.003331,0.610246
data/test6_wam.txt,37,-1,3,3,16,-1.0000,0.000602,0.000062,0.000216,0.000596,0.006742,0.008513,0.853977
data/test25.txt,10,-1,3,3,8,-1.0000,0.000401,0.000069,0.000047,0.000189,0.003304,0.004143,2.243892
data/test26.txt,8,-1,3,3,8,-1.0000,0.000256,0.000077,0.000041,0.000190,0.003015,0.003727,-8.356960
data/test7.txt,40,4,3,3,16,3.9786,0.001358,0.000087,0.000254,0.000728,0.005716,0.008356,0.969235
data/test7_wam.txt,40,-1,3,3,16,-1.0000,0.000693,0.000090,0.000263,0.000645,0.006352,0.008243,0.900222
data/test8_j.txt,6,-1,3,3,16,-1.0000,0.000236,0.000083,0.000059,0.000208,0.006840,0.007695,7.296263
data/test27.txt,3,-1,3,3,8,-1.0000,0.000303,0.017184,0.017139,0.000170,0.002928,0.105375,-0.000000
data/test28.txt,12,-1,3,3,8,-1.0000,0.000303,0.000082,0.000051,0.000220,0.002845,0.003623,-1.143184
data/test8.txt,30,6,3,3,16,4.6636,0.000577,0.000067,0.000201,0.000430,0.006306,0.007845,1.075032
data/test29.txt,4,-1,3,3,8,-1.0000,0.001393,0.000096,0.000038,0.000184,0.002988,0.004843,12.092214
data/test8_wam.txt,30,-1,3,3,16,-1.0000,0.000365,0.000074,0.000188,0.000399,0.004899,0.006175,0.960937
data/test2.txt,43,4,3,3,8,3.9149,0.001257,0.000072,0.000194,0.000808,0.003292,0.005763,1.065787
data/test9.txt,22,4,3,3,16,3.8130,0.000304,0.000066,0.000192,0.000340,0.006602,0.007796,1.113183
data/test2_wam.txt,43,-1,3,3,8,-1.0000,0.001621,0.000088,0.000168,0.000693,0.002977,0.005689,9.291066
data/test9_wam.txt,22,-1,3,3,16,-1.0000,0.000385,0.000070,0.000179,0.000302,0.006701,0.007894,1.455446
data/test30.txt,12,-1,3,3,8,-1.0000,0.000315,0.000077,0.000064,0.000229,0.002949,0.003752,-7.734346
data/test31.txt,3,-1,3,3,8,-1.0000,0.000291,0.000085,0.000032,0.000175,0.003275,0.003993,0.000000
data/test3.txt,15,6,3,3,8,4.4316,0.000485,0.011143,0.000070,0.000249,0.116975,0.151283,1.092046
data/test3_wam.txt,15,-1,3,3,8,-1.0000,0.000220,0.000083,0.000084,0.000217,0.003042,0.003812,6.760942
data/test4.txt,14,4,3,3,8,4.0100,0.000318,0.000067,0.000081,0.000214,0.003221,0.004053,1.156599
data/test4_wam.txt,14,-1,3,3,8,-1.0000,0.000573,0.000088,0.000089,0.000243,0.061815,0.062971,1.815890
data/test5.txt,23,3,3,3,8,2.9702,0.000598,0.000087,0.000112,0.000315,0.002983,0.004277,0.885311
data/test5_wam.txt,23,-1,3,3,8,-1.0000,0.008186,0.004640,0.011999,0.000359,0.923095,0.991352,0.656188
data/test6.txt,37,3,3,3,8,3.3110,0.000753,0.000082,0.000167,0.000587,0.003301,0.005074,1.001294
data/test6_wam.txt,37,-1,3,3,8,-1.0000,0.000619,0.000063,0.000150,0.000614,0.003330,0.004973,1.200541
data/test7.txt,40,4,3,3,8,3.9786,0.000969,0.000061,0.000150,0.000646,0.002974,0.004912,1.046380
data/test7_wam.txt,40,-1,3,3,8,-1.0000,0.000750,0.000062,0.000160,0.000638,0.003061,0.004804,9.828780
data/test8_j.txt,6,-1,3,3,8,-1.0000,0.000284,0.000083,0.000041,0.000182,0.003028,0.003773,7.296263
data/test8.txt,30,6,3,3,8,4.6636,0.000544,0.000060,0.000136,0.000409,0.003301,0.004594,1.041380
data/test8_wam.txt,30,-1,3,3,8,-1.0000,0.000514,0.000066,0.000155,0.000362,0.003096,0.004386,inf
data/test9.txt,22,4,3,3,8,3.8130,0.000443,0.000071,0.000125,0.000294,0.003303,0.004409,1.042934
data/test9_wam.txt,22,-1,3,3,8,-1.0000,0.000297,0.000074,0.000112,0.000289,0.003073,0.004051,1.040036
data/matrix_100x100.txt,100,-1,3,3,32,-1.0000,0.061182,0.023988,0.040107,0.018695,0.371888,0.547037,-1.190115
data/matrix_110x141.txt,110,141,3,3,32,4824.4776,0.052073,0.027968,0.034984,0.005815,0.170884,0.378849,0.985654
data/matrix_123x162.txt,123,162,3,3,32,5204.3886,0.102293,0.002594,0.001240,0.007713,0.056096,0.184254,0.989950
data/matrix_123x445.txt,123,445,3,3,32,8631.5788,0.101697,0.026018,0.051949,0.007190,0.732228,0.979235,0.999211
data/matrix_156x91.txt,156,91,3,3,32,3875.6203,0.069505,0.003615,0.022456,0.014885,0.058090,0.195030,0.981262
data/matrix_159x278.txt,159,278,3,3,32,6802.0947,0.105355,0.042642,0.095038,0.015405,0.137961,0.472901,0.989747
data/matrix_179x255.txt,179,255,3,3,32,6522.9394,0.130815,0.013007,0.048161,0.019477,0.026459,0.275515,0.993266
data/matrix_196x494.txt,196,494,3,3,32,9081.8312,0.189008,0.017986,0.039156,0.064170,0.225424,0.603410,0.997734
data/matrix_200x411.txt,200,411,3,3,32,8273.8263,0.111949,0.014340,0.022293,0.025267,0.022663,0.205624,0.996019
data/matrix_201x636.txt,201,636,3,3,32,10305.5938,0.219424,0.012608,0.053236,0.029001,0.134298,0.484438,0.999482
data/matrix_205x78.txt,205,78,3,3,32,3590.4118,0.092526,0.012264,0.051429,0.029394,0.125613,0.347523,0.984016
data/matrix_208x53.txt,208,53,3,3,32,2972.5467,0.078388,0.020012,0.087979,0.055118,0.046582,0.376550,0.980653
data/matrix_227x624.txt,227,624,3,3,32,10192.9607,0.218617,0.026034,0.123280,0.040277,0.642367,1.105009,0.996349
data/matrix_232x81.txt,232,81,3,3,32,3670.9390,0.109895,0.005022,0.052171,0.042089,0.511786,0.791699,0.983451
data/matrix_249x263.txt,249,263,3,3,32,6608.6249,0.162462,0.018342,0.076850,0.051431,0.052777,0.387738,0.997905
data/matrix_257x286.txt,257,286,3,3,32,6897.2737,0.215470,0.011288,0.052071,0.119583,0.490952,0.921978,0.995554
data/matrix_272x371.txt,272,371,3,3,32,7882.7842,0.159297,0.026234,0.212994,0.131924,0.160029,0.757130,1.003341
data/matrix_273x395.txt,273,395,3,3,32,8104.4700,0.284818,0.052205,0.236295,0.064771,0.007585,0.778590,0.999516
data/matrix_274x436.txt,274,436,3,3,32,8529.7179,0.280784,0.052209,0.371014,0.077096,0.146158,1.031321,1.002614
data/matrix_290x482.txt,290,482,3,3,32,8958.6086,0.154928,0.026079,0.033871,0.071578,0.014811,0.330621,1.002560
data/matrix_294x126.txt,294,126,3,3,32,4581.6758,0.177207,0.018218,0.078931,0.154547,0.081925,0.585975,0.997867
data/matrix_352x247.txt,352,247,3,3,32,6394.8603,0.112906,0.003662,0.030860,0.112052,0.007119,0.275501,1.001812
data/matrix_357x711.txt,357,711,3,3,32,10874.6229,0.264966,0.008061,0.025422,0.117613,0.006859,0.432708,1.001274
data/matrix_371x226.txt,371,226,3,3,32,6136.0122,0.133291,0.020418,0.055041,0.135820,0.009772,0.373305,1.001988
data/matrix_416x873.txt,416,873,3,3,32,12076.9389,0.350274,0.003227,0.024105,0.191752,0.008046,0.582227,0.994977
data/matrix_424x486.txt,424,486,3,3,32,8991.3646,0.233507,0.027105,0.022914,0.206981,0.006538,0.508781,1.000173
data/matrix_435x821.txt,435,821,3,3,32,11689.6292,0.346747,0.003312,0.033097,0.220983,0.006756,0.615570,0.999529
data/matrix_437x474.txt,437,474,3,3,32,8889.5782,0.235756,0.003572,0.020465,0.212610,0.009572,0.485173,1.005602
data/matrix_447x648.txt,447,648,3,3,32,10389.1282,0.292239,0.000696,0.035821,0.233339,0.006633,0.571971,0.995417
data/matrix_497x203.txt,497,203,3,3,32,5818.3137,0.153483,0.003823,0.027146,0.317827,0.006378,0.512433,0.994364
data/matrix_50x25.txt,50,25,3,3,32,2008.0940,0.002996,0.003870,0.000629,0.001157,0.006806,0.037076,1.009350
data/matrix_6x100.txt,6,100,3,3,32,4206.8968,0.000586,0.008032,0.014051,0.000332,0.029694,0.113639,1.040422
data/matrix_765x773.txt,765,773,3,3,32,11344.5284,2.854252,0.040155,0.199232,2.282815,0.548061,5.991699,1.001485
data/matrix_810x680.txt,810,680,3,3,32,10627.4697,2.320892,0.045110,0.386778,2.187647,0.020741,4.994719,0.996764
data/matrix_82x265.txt,82,265,3,3,32,6625.3773,0.041511,0.021778,0.078003,0.003118,0.802236,1.035235,0.993282
data/matrix_852x739.txt,852,739,3,3,32,11097.3654,1.090972,0.000718,0.100712,1.768281,0.007154,2.971543,1.002618
data/matrix_929x622.txt,929,622,3,3,32,10172.9898,0.942920,0.000470,0.070415,1.866688,0.006789,2.894729,0.999090
data/matrix_929x701.txt,929,701,3,3,32,10807.3284,1.049882,0.000440,0.071565,1.836642,0.008264,2.975428,1.003094
data/matrix_95x73.txt,95,73,3,3,32,3443.1123,0.026428,0.003284,0.000850,0.003454,0.010786,0.045410,1.004203
data/test10.txt,6,-1,3,3,32,-1.0000,0.002251,0.003413,0.000034,0.000163,0.013749,0.020035,0.986613
data/test10_wam.txt,9,-1,3,3,32,-1.0000,0.000469,0.011961,0.001947,0.000210,0.050604,0.092414,0.007973
data/test11.txt,12,-1,3,3,32,-1.0000,0.000457,0.004983,0.003983,0.000268,0.158942,0.200945,-0.468852
data/test12.txt,12,-1,3,3,32,-1.0000,0.000351,0.012080,0.024027,0.000246,0.011349,0.108833,2.356712
data/test13.txt,12,-1,3,3,32,-1.0000,0.002411,0.003039,0.002999,0.000249,0.007139,0.020595,3.265171
data/test14.txt,12,-1,3,3,32,-1.0000,0.000311,0.003055,0.002992,0.000270,0.006424,0.020813,11.242147
data/test16.txt,6,-1,3,3,32,-1.0000,0.000482,0.026058,0.026000,0.000214,0.571766,0.730736,1.106871
data/test1.txt,10,5,3,3,32,3.8247,0.000511,0.026041,0.008025,0.000228,0.181630,0.265128,0.968869
data/test1_wam.txt,10,-1,3,3,32,-1.0000,0.000502,0.026060,0.007658,0.000393,0.083446,0.208427,1.459887
data/test22.txt,5,-1,3,3,32,-1.0000,0.008982,0.039015,0.026013,0.000327,0.178154,0.361080,1.920653
data/test23.txt,10,-1,3,3,32,-1.0000,0.012275,0.025994,0.014050,0.000263,0.854453,1.000635,1.542578
data/test25.txt,10,-1,3,3,32,-1.0000,0.003945,0.025075,0.004973,0.000236,0.304841,0.413941,1.066853
data/test26.txt,8,-1,3,3,32,-1.0000,0.000672,0.013240,0.000190,0.000217,0.183081,0.220623,3.537213
data/test27.txt,3,-1,3,3,32,-1.0000,0.000322,0.025990,0.012861,0.000229,0.030070,0.134506,-0.000000
data/test28.txt,12,-1,3,3,32,-1.0000,0.000944,0.005170,0.026013,0.000290,0.724979,0.829948,-0.906346
data/test29.txt,4,-1,3,3,32,-1.0000,0.000439,0.026006,0.026006,0.000260,0.153845,0.309802,1.714588
data/test2.txt,43,4,3,3,32,3.9149,0.014521,0.026001,0.022401,0.000924,1.048558,1.187708,1.127968
data/test2_wam.txt,43,-1,3,3,32,-1.0000,0.012047,0.026135,0.052000,0.000834,0.104959,0.278001,1.679948
data/test30.txt,12,-1,3,3,32,-1.0000,0.000474,0.052021,0.025919,0.000305,0.085632,0.257389,-0.468852
data/test31.txt,3,-1,3,3,32,-1.0000,0.000318,0.026039,0.026024,0.000350,0.053382,0.193543,0.000000
data/test3.txt,15,6,3,3,32,4.4316,0.000583,0.009015,0.026070,0.000333,0.803989,0.908113,1.104672
data/test3_wam.txt,15,-1,3,3,32,-1.0000,0.010121,0.022004,0.026039,0.000333,0.390035,0.530005,3.555906
data/test4.txt,14,4,3,3,32,4.0100,0.000614,0.022558,0.001983,0.000314,0.331495,0.409623,0.902323
data/test4_wam.txt,14,-1,3,3,32,-1.0000,0.011147,0.026003,0.026026,0.000350,0.417653,0.560644,0.542251
data/test5.txt,23,3,3,3,32,2.9702,0.000636,0.002873,0.022468,0.000388,0.329221,0.406170,0.896920
data/test5_wam.txt,23,-1,3,3,32,-1.0000,0.013211,0.026006,0.053849,0.000422,0.934687,1.133713,0.906791
data/test6.txt,37,3,3,3,32,3.3110,0.000969,0.026268,0.025673,0.000637,0.040942,0.152230,0.971594
data/test6_wam.txt,37,-1,3,3,32,-1.0000,0.000854,0.026011,0.034388,0.000646,0.631920,0.787915,0.784994
data/test7.txt,40,4,3,3,32,3.9786,0.076907,0.026009,0.051993,0.000708,0.113222,0.344217,0.988078
data/test7_wam.txt,40,-1,3,3,32,-1.0000,0.001007,0.003987,0.029956,0.000709,1.293958,1.423935,1.060457
data/test8_j.txt,6,-1,3,3,32,-1.0000,0.000414,0.004168,0.019259,0.000229,0.028166,0.080748,-6.131242
data/test8.txt,30,6,3,3,32,4.6636,0.000785,0.026847,0.028466,0.000508,0.446837,0.602994,0.895050
data/test8_wam.txt,30,-1,3,3,32,-1.0000,0.000583,0.025997,0.026347,0.000381,0.690167,0.846138,0.729401
data/test9.txt,22,4,3,3,32,3.8130,0.012286,0.035969,0.043841,0.000376,0.679748,0.884720,1.141400
data/test9_wam.txt,22,-1,3,3,32,-1.0000,0.000648,0.034005,0.037064,0.000396,0.028077,0.197880,1.429701
