dataset,n,cols,k,clusters,mpi_procs,sigma,t_load,t_degree,t_laplacian,t_eigen,t_kmeans,t_total,quality
data/input/matrix_n1000.txt,1000,-1,3,3,32,-1.0000,0.266732,0.000372,0.027555,2.149103,0.013472,2.502098,0.997178
data/input/matrix_n1500.txt,1500,-1,3,3,32,-1.0000,0.594368,0.000529,0.062353,6.936509,0.011621,7.673391,1.003071
data/input/matrix_n1700.txt,1700,-1,3,3,32,-1.0000,0.786512,0.000489,0.073485,10.110236,0.012795,11.070462,0.997664
data/input/matrix_n2000.txt,2000,-1,3,3,32,-1.0000,1.080140,0.000565,0.102244,16.344550,0.011769,17.650123,0.999063
data/input/matrix_n1000.txt,1000,-1,3,3,32,-1.0000,0.265877,0.000415,0.029336,2.147801,0.012590,2.484151,0.997178
data/input/matrix_n1000.txt,1000,-1,3,3,32,-1.0000,0.265625,0.000428,0.025991,2.153681,0.011512,2.492523,0.997178
data/input/matrix_n1500.txt,1500,-1,3,3,32,-1.0000,0.592717,0.000469,0.058165,6.927695,0.012190,7.665084,1.003071
data/input/matrix_n1500.txt,1500,-1,3,3,32,-1.0000,0.598740,0.000538,0.060604,6.937598,0.011863,7.669080,1.003071
data/input/matrix_n4000.txt,4000,-1,3,3,32,-1.0000,4.213422,0.001259,0.415206,145.196277,0.011934,150.192226,1.000685
data/input/matrix_n1700.txt,1700,-1,3,3,32,-1.0000,0.763550,0.000551,0.079852,10.109074,0.012563,11.036197,0.997664
data/input/matrix_n1700.txt,1700,-1,3,3,32,-1.0000,0.757530,0.000512,0.074269,10.152868,0.011748,11.079949,0.997664
data/input/matrix_n2000.txt,2000,-1,3,3,32,-1.0000,1.053089,0.000524,0.104706,16.285380,0.012591,17.559233,0.999063
data/input/matrix_n2000.txt,2000,-1,3,3,32,-1.0000,1.051729,0.000534,0.122900,16.112448,0.011742,17.434426,0.999063
data/input/matrix_n4000.txt,4000,-1,3,3,32,-1.0000,4.216765,0.001169,0.399079,135.143302,0.013075,140.129505,1.000685
data/input/matrix_n4000.txt,4000,-1,3,3,32,-1.0000,4.255968,0.001217,0.559257,149.057322,0.011531,154.139100,1.000685
data/input/matrix_n5000.txt,5000,-1,3,3,32,-1.0000,6.589431,0.001905,0.657049,308.795304,0.012654,316.666272,1.000669
data/input/matrix_n500.txt,500,-1,3,3,32,-1.0000,0.068836,0.000263,0.007664,0.294225,0.014325,0.409499,1.005940
data/input/matrix_n5000.txt,5000,-1,3,3,32,-1.0000,6.592982,0.001724,0.724094,271.070406,0.012857,279.227045,1.000669
data/input/matrix_n500.txt,500,-1,3,3,32,-1.0000,0.069219,0.000251,0.009445,0.293406,0.011862,0.394696,1.005940
data/input/matrix_n700.txt,700,-1,3,3,32,-1.0000,0.132304,0.000365,0.016423,0.770208,0.012042,0.950348,0.997764
data/input/matrix_n5000.txt,5000,-1,3,3,32,-1.0000,6.571707,0.001811,0.665128,297.041523,0.011767,304.864556,1.000669
data/input/matrix_n500.txt,500,-1,3,3,32,-1.0000,0.071116,0.000342,0.007593,0.296164,0.012205,0.403024,1.005940
data/input/matrix_n700.txt,700,-1,3,3,32,-1.0000,0.131159,0.000287,0.014228,0.774072,0.011769,0.955998,0.997764
data/input/matrix_n1000.txt,1000,-1,3,3,16,-1.0000,0.280532,0.000663,0.023171,2.157090,0.006211,2.487680,0.998460
data/input/matrix_n1000.txt,1000,-1,3,3,16,-1.0000,0.294331,0.000286,0.021789,2.149821,0.006828,2.485374,0.998460
data/input/matrix_n1000.txt,1000,-1,3,3,16,-1.0000,0.279335,0.000332,0.022332,2.151462,0.006466,2.482963,0.998460
data/input/matrix_n1500.txt,1500,-1,3,3,16,-1.0000,0.594632,0.000469,0.046467,6.977167,0.005981,7.703804,1.000620
data/input/matrix_n1500.txt,1500,-1,3,3,16,-1.0000,0.648054,0.000533,0.044882,6.973434,0.006053,7.695200,1.000620
data/input/matrix_n1700.txt,1700,-1,3,3,16,-1.0000,0.803971,0.000482,0.059784,10.155053,0.006255,11.086109,0.999358
data/input/matrix_n1500.txt,1500,-1,3,3,16,-1.0000,0.617679,0.000528,0.046702,6.921951,0.006579,7.656665,1.000620
data/input/matrix_n1700.txt,1700,-1,3,3,16,-1.0000,0.834085,0.000541,0.058789,10.137198,0.006707,11.069757,0.999358
data/input/matrix_n1700.txt,1700,-1,3,3,16,-1.0000,0.851347,0.000640,0.058497,10.117550,0.006961,11.050119,0.999358
data/input/matrix_n2000.txt,2000,-1,3,3,16,-1.0000,1.147596,0.000593,0.081694,16.324235,0.006064,17.600794,0.998397
data/input/matrix_n2000.txt,2000,-1,3,3,16,-1.0000,1.180153,0.000672,0.081815,16.160156,0.006335,17.449623,0.998397
data/input/matrix_n2000.txt,2000,-1,3,3,16,-1.0000,1.152327,0.000671,0.083439,16.117084,0.006337,17.404492,0.998397
data/input/matrix_n4000.txt,4000,-1,3,3,16,-1.0000,4.673791,0.001833,0.336996,142.311200,0.006170,147.424814,1.000131
data/input/matrix_n4000.txt,4000,-1,3,3,16,-1.0000,4.424808,0.001750,0.344467,141.703583,0.006400,146.775540,1.000131
data/input/matrix_n4000.txt,4000,-1,3,3,16,-1.0000,4.727862,0.001790,0.299168,133.944193,0.007026,139.024582,1.000131
data/input/matrix_n5000.txt,5000,-1,3,3,16,-1.0000,6.959856,0.002747,0.615034,278.453658,0.006111,286.468089,0.999840
data/input/matrix_n5000.txt,5000,-1,3,3,16,-1.0000,7.185122,0.002753,0.553651,278.816754,0.006500,286.779568,0.999840
data/input/matrix_n500.txt,500,-1,3,3,16,-1.0000,0.069725,0.000140,0.005785,0.295020,0.006215,0.383528,1.002695
data/input/matrix_n500.txt,500,-1,3,3,16,-1.0000,0.072860,0.000161,0.005567,0.293543,0.006556,0.383558,1.002695
data/input/matrix_n700.txt,700,-1,3,3,16,-1.0000,0.144200,0.000276,0.011211,0.773820,0.006207,0.944109,0.999521
data/input/matrix_n700.txt,700,-1,3,3,16,-1.0000,0.136056,0.000233,0.011452,0.773161,0.006494,0.939790,0.999521
data/input/matrix_n5000.txt,5000,-1,3,3,16,-1.0000,7.205044,0.002552,0.535831,260.737537,0.006680,268.749028,0.999840
data/input/matrix_n500.txt,500,-1,3,3,16,-1.0000,0.074277,0.000255,0.006585,0.294121,0.006143,0.386752,1.002695
data/input/matrix_n700.txt,700,-1,3,3,16,-1.0000,0.145618,0.000310,0.012744,0.769600,0.007150,0.938018,0.999521
data/input/matrix_n1000.txt,1000,-1,3,3,8,-1.0000,0.256119,0.000256,0.012344,2.154410,0.000406,2.424720,0.998323
data/input/matrix_n1000.txt,1000,-1,3,3,8,-1.0000,0.255618,0.000251,0.012501,2.146794,0.000393,2.417080,0.998323
data/input/matrix_n1000.txt,1000,-1,3,3,8,-1.0000,0.255477,0.000261,0.013749,2.145561,0.000404,2.415587,0.998323
data/input/matrix_n1500.txt,1500,-1,3,3,8,-1.0000,0.568421,0.000504,0.025915,6.940198,0.000476,7.537087,1.000817
data/input/matrix_n1500.txt,1500,-1,3,3,8,-1.0000,0.596060,0.000502,0.026310,6.940533,0.000470,7.564908,1.000817
data/input/matrix_n1500.txt,1500,-1,3,3,8,-1.0000,0.570728,0.000529,0.028053,6.932799,0.000474,7.533484,1.000817
data/input/matrix_n1700.txt,1700,-1,3,3,8,-1.0000,0.730747,0.000623,0.033012,10.179007,0.000494,10.945030,0.999815
data/input/matrix_n1700.txt,1700,-1,3,3,8,-1.0000,0.726487,0.000624,0.034905,10.109657,0.000492,10.872520,0.999815
data/input/matrix_n1700.txt,1700,-1,3,3,8,-1.0000,0.729323,0.000629,0.033922,10.105396,0.000497,10.872075,0.999815
data/input/matrix_n2000.txt,2000,-1,3,3,8,-1.0000,1.007445,0.000806,0.045861,16.202179,0.000530,17.258023,0.999856
data/input/matrix_n2000.txt,2000,-1,3,3,8,-1.0000,1.004406,0.000825,0.047465,16.126021,0.000521,17.180362,0.999856
data/input/matrix_n2000.txt,2000,-1,3,3,8,-1.0000,1.007160,0.000794,0.047060,16.089282,0.000537,17.146633,0.999856
data/input/matrix_n4000.txt,4000,-1,3,3,8,-1.0000,4.013676,0.002917,0.179692,146.085656,0.000692,150.284783,0.999768
data/input/matrix_n4000.txt,4000,-1,3,3,8,-1.0000,4.010555,0.003038,0.180016,138.425929,0.000705,142.622043,0.999768
data/input/matrix_n4000.txt,4000,-1,3,3,8,-1.0000,4.222187,0.002945,0.180315,135.810589,0.000707,140.218886,0.999768
data/input/matrix_n5000.txt,5000,-1,3,3,8,-1.0000,6.268484,0.004538,0.297016,264.392712,0.000797,270.965910,0.999717
data/input/matrix_n5000.txt,5000,-1,3,3,8,-1.0000,6.285261,0.004665,0.281167,269.620367,0.000806,276.195591,0.999717
data/input/matrix_n500.txt,500,-1,3,3,8,-1.0000,0.068486,0.000085,0.004726,0.293812,0.000307,0.369007,0.999986
data/input/matrix_n500.txt,500,-1,3,3,8,-1.0000,0.093222,0.000083,0.003893,0.294537,0.000329,0.393546,0.999986
data/input/matrix_n700.txt,700,-1,3,3,8,-1.0000,0.129500,0.000153,0.007517,0.769686,0.000340,0.909139,1.001324
data/input/matrix_n700.txt,700,-1,3,3,8,-1.0000,0.128100,0.000140,0.007081,0.770026,0.000352,0.906695,1.001324
data/input/matrix_n5000.txt,5000,-1,3,3,8,-1.0000,6.268178,0.004501,0.278668,290.698721,0.000832,297.253464,0.999717
data/input/matrix_n500.txt,500,-1,3,3,8,-1.0000,0.069441,0.000079,0.003605,0.295202,0.000313,0.369586,0.999986
data/input/matrix_n700.txt,700,-1,3,3,8,-1.0000,0.128261,0.000188,0.006475,0.773833,0.000350,0.910319,1.001324
data/input/matrix_n1000.txt,1000,-1,3,3,4,-1.0000,0.244877,0.000398,0.009912,2.115510,0.000487,2.378079,0.999367
data/input/matrix_n1000.txt,1000,-1,3,3,4,-1.0000,0.241627,0.000356,0.012335,2.096075,0.000504,2.357090,0.999367
data/input/matrix_n1000.txt,1000,-1,3,3,4,-1.0000,0.242755,0.000378,0.010906,2.100217,0.000435,2.362827,0.999367
data/input/matrix_n1500.txt,1500,-1,3,3,4,-1.0000,0.546921,0.000860,0.021434,6.852060,0.000555,7.434481,0.998910
data/input/matrix_n1500.txt,1500,-1,3,3,4,-1.0000,0.569093,0.000853,0.021147,6.765986,0.000542,7.371352,0.998910
data/input/matrix_n1500.txt,1500,-1,3,3,4,-1.0000,0.543633,0.000861,0.022004,6.768591,0.000563,7.349443,0.998910
data/input/matrix_n1700.txt,1700,-1,3,3,4,-1.0000,0.711903,0.001130,0.027434,10.098030,0.000617,10.855582,1.000325
data/input/matrix_n1700.txt,1700,-1,3,3,4,-1.0000,0.719063,0.001058,0.027148,9.856896,0.000602,10.620777,1.000325
data/input/matrix_n1700.txt,1700,-1,3,3,4,-1.0000,0.695539,0.001082,0.027665,9.878997,0.000574,10.620784,1.000325
data/input/matrix_n2000.txt,2000,-1,3,3,4,-1.0000,0.972773,0.001547,0.037032,15.945945,0.000639,16.980932,1.000238
data/input/matrix_n2000.txt,2000,-1,3,3,4,-1.0000,0.966138,0.001428,0.036459,15.829331,0.000638,16.856318,1.000238
data/input/matrix_n2000.txt,2000,-1,3,3,4,-1.0000,0.962513,0.001430,0.039005,15.758319,0.000649,16.783766,1.000238
data/input/matrix_n4000.txt,4000,-1,3,3,4,-1.0000,3.855028,0.005479,0.145163,135.298202,0.001052,139.390340,0.999801
data/input/matrix_n4000.txt,4000,-1,3,3,4,-1.0000,3.850298,0.005599,0.145633,135.663126,0.001067,139.752019,0.999801
data/input/matrix_n4000.txt,4000,-1,3,3,4,-1.0000,3.883418,0.005968,0.144218,146.149159,0.001034,150.270612,0.999801
data/input/matrix_n5000.txt,5000,-1,3,3,4,-1.0000,6.028514,0.008612,0.225999,263.901736,0.001236,270.298234,0.999943
data/input/matrix_n500.txt,500,-1,3,3,4,-1.0000,0.061940,0.000100,0.002814,0.286518,0.000268,0.353949,0.996494
data/input/matrix_n700.txt,700,-1,3,3,4,-1.0000,0.129341,0.000178,0.005307,0.750574,0.000364,0.890115,1.000393
data/input/matrix_n5000.txt,5000,-1,3,3,4,-1.0000,6.014687,0.008717,0.226187,267.139760,0.001281,273.524699,0.999943
data/input/matrix_n500.txt,500,-1,3,3,4,-1.0000,0.061270,0.000100,0.003093,0.286614,0.000243,0.353598,0.996494
data/input/matrix_n700.txt,700,-1,3,3,4,-1.0000,0.119932,0.000187,0.006940,0.751413,0.000369,0.882620,1.000393
data/input/matrix_n5000.txt,5000,-1,3,3,4,-1.0000,6.077669,0.009079,0.224146,291.982130,0.001305,298.429548,0.999943
data/input/matrix_n500.txt,500,-1,3,3,4,-1.0000,0.071855,0.000105,0.002916,0.290592,0.000262,0.368689,0.996494
data/input/matrix_n700.txt,700,-1,3,3,4,-1.0000,0.120320,0.000185,0.005936,0.757945,0.000644,0.888827,1.000393
data/input/matrix_n1000.txt,1000,-1,3,3,2,-1.0000,0.233204,0.000782,0.009381,2.026015,0.000451,2.269953,1.001073
data/input/matrix_n1000.txt,1000,-1,3,3,2,-1.0000,0.267163,0.000602,0.008024,1.994194,0.000461,2.270560,1.001073
data/input/matrix_n1000.txt,1000,-1,3,3,2,-1.0000,0.240515,0.000620,0.010071,2.074767,0.000454,2.326561,1.001073
data/input/matrix_n1500.txt,1500,-1,3,3,2,-1.0000,0.518816,0.001425,0.017605,6.518463,0.000605,7.058193,1.000420
data/input/matrix_n1500.txt,1500,-1,3,3,2,-1.0000,0.515798,0.001760,0.017047,6.428215,0.000600,6.964197,1.000420
data/input/matrix_n1500.txt,1500,-1,3,3,2,-1.0000,0.579706,0.001781,0.019055,6.694178,0.000595,7.295878,1.000420
data/input/matrix_n1700.txt,1700,-1,3,3,2,-1.0000,0.687610,0.002323,0.021808,9.568080,0.000753,10.280609,1.000586
data/input/matrix_n1700.txt,1700,-1,3,3,2,-1.0000,0.659816,0.001817,0.021554,9.375755,0.000672,10.061134,1.000586
data/input/matrix_n1700.txt,1700,-1,3,3,2,-1.0000,0.688842,0.002278,0.023130,9.787716,0.000715,10.503322,1.000586
data/input/matrix_n2000.txt,2000,-1,3,3,2,-1.0000,0.944205,0.003363,0.028819,15.344921,0.000820,16.322408,0.999416
data/input/matrix_n2000.txt,2000,-1,3,3,2,-1.0000,0.913765,0.002943,0.030536,14.898000,0.000819,15.846990,0.999416
data/input/matrix_n2000.txt,2000,-1,3,3,2,-1.0000,0.954960,0.003088,0.031384,15.544649,0.000836,16.535176,0.999416
data/input/matrix_n4000.txt,4000,-1,3,3,2,-1.0000,3.658543,0.009991,0.114946,126.764977,0.001473,130.550774,0.999659
data/input/matrix_n4000.txt,4000,-1,3,3,2,-1.0000,3.700217,0.011144,0.111507,142.806320,0.001474,146.631244,0.999659
data/input/matrix_n4000.txt,4000,-1,3,3,2,-1.0000,3.808136,0.010395,0.118310,134.275093,0.001532,138.214192,0.999659
data/input/matrix_n5000.txt,5000,-1,3,3,2,-1.0000,5.710378,0.015829,0.179412,253.152976,0.001815,259.060814,0.999907
data/input/matrix_n500.txt,500,-1,3,3,2,-1.0000,0.062571,0.000163,0.002732,0.272239,0.000242,0.338494,0.993235
data/input/matrix_n700.txt,700,-1,3,3,2,-1.0000,0.113099,0.000300,0.005802,0.713259,0.000297,0.832922,1.004000
data/input/matrix_n5000.txt,5000,-1,3,3,2,-1.0000,5.956107,0.016601,0.182895,262.089217,0.001912,268.247696,0.999907
data/input/matrix_n500.txt,500,-1,3,3,2,-1.0000,0.061509,0.000173,0.002873,0.284066,0.000255,0.349577,0.993235
data/input/matrix_n700.txt,700,-1,3,3,2,-1.0000,0.118678,0.000319,0.005520,0.741471,0.000333,0.867077,1.004000
data/input/matrix_n5000.txt,5000,-1,3,3,2,-1.0000,5.943292,0.017557,0.174598,285.593750,0.001936,291.731251,0.999907
data/input/matrix_n500.txt,500,-1,3,3,2,-1.0000,0.078907,0.000175,0.002863,0.276310,0.000238,0.358678,0.993705
data/input/matrix_n700.txt,700,-1,3,3,2,-1.0000,0.114990,0.000297,0.005199,0.725575,0.000311,0.846945,1.004000
data/input/matrix_n1000.txt,1000,-1,3,3,1,-1.0000,0.225680,0.001153,0.003095,1.987982,0.000706,2.218617,0.999814
data/input/matrix_n1000.txt,1000,-1,3,3,1,-1.0000,0.225763,0.001161,0.003059,1.980371,0.000711,2.211065,0.999814
data/input/matrix_n1000.txt,1000,-1,3,3,1,-1.0000,0.225741,0.001141,0.003016,1.979186,0.000720,2.209805,0.999814
data/input/matrix_n1500.txt,1500,-1,3,3,1,-1.0000,0.506734,0.002600,0.006699,6.417349,0.001062,6.934447,0.999323
data/input/matrix_n1500.txt,1500,-1,3,3,1,-1.0000,0.505100,0.002574,0.006536,6.387805,0.001062,6.903077,0.999323
data/input/matrix_n1500.txt,1500,-1,3,3,1,-1.0000,0.505766,0.003013,0.006314,6.387016,0.001062,6.903173,0.999323
data/input/matrix_n1700.txt,1700,-1,3,3,1,-1.0000,0.656171,0.003587,0.008261,9.358541,0.001201,10.027764,0.999218
data/input/matrix_n1700.txt,1700,-1,3,3,1,-1.0000,0.660434,0.003631,0.008678,9.306417,0.001199,9.980361,0.999218
data/input/matrix_n1700.txt,1700,-1,3,3,1,-1.0000,0.651171,0.003348,0.008537,9.432842,0.001265,10.097164,0.999218
data/input/matrix_n2000.txt,2000,-1,3,3,1,-1.0000,0.911336,0.005133,0.011869,14.916898,0.001406,15.846645,0.998148
data/input/matrix_n2000.txt,2000,-1,3,3,1,-1.0000,0.898563,0.004712,0.012343,14.905392,0.001437,15.822452,0.998148
data/input/matrix_n2000.txt,2000,-1,3,3,1,-1.0000,0.897036,0.004737,0.011660,14.812199,0.001405,15.727040,0.998148
data/input/matrix_n4000.txt,4000,-1,3,3,1,-1.0000,3.585855,0.019224,0.050263,125.001718,0.002795,128.659861,1.000813
data/input/matrix_n4000.txt,4000,-1,3,3,1,-1.0000,3.585233,0.019674,0.050497,128.674545,0.002780,132.332733,1.000813
data/input/matrix_n4000.txt,4000,-1,3,3,1,-1.0000,3.589232,0.021139,0.048124,138.221772,0.002778,141.883048,1.000813
data/input/matrix_n5000.txt,5000,-1,3,3,1,-1.0000,5.593176,0.030709,0.077958,248.240651,0.003805,253.946306,0.999869
data/input/matrix_n500.txt,500,-1,3,3,1,-1.0000,0.057499,0.000293,0.001158,0.270813,0.000352,0.330116,0.993140
data/input/matrix_n5000.txt,5000,-1,3,3,1,-1.0000,5.599083,0.030810,0.078580,251.128082,0.003472,256.840033,0.999869
data/input/matrix_n700.txt,700,-1,3,3,1,-1.0000,0.114799,0.000609,0.001811,0.710475,0.000489,0.828183,0.998779
data/input/matrix_n500.txt,500,-1,3,3,1,-1.0000,0.088577,0.000295,0.001122,0.270446,0.000352,0.360793,0.993140
data/input/matrix_n700.txt,700,-1,3,3,1,-1.0000,0.111418,0.000577,0.001714,0.707653,0.000488,0.821851,0.998779
data/input/matrix_n5000.txt,5000,-1,3,3,1,-1.0000,5.624822,0.033945,0.075180,275.951900,0.003482,281.689333,0.999869
data/input/matrix_n500.txt,500,-1,3,3,1,-1.0000,0.058960,0.000296,0.001191,0.273370,0.000351,0.334169,0.993140
data/input/matrix_n700.txt,700,-1,3,3,1,-1.0000,0.111686,0.000566,0.001740,0.713446,0.000494,0.827933,0.998779
